z,x_z_normalized,x_chi_normalized,x_optical_depth_like,x_likelihood_native,delta_chi_minus_z,W_z,W_chi,W_ratio_chi_to_z
0.510000,0.218884120172,0.3416929011,0.111111111111,0,0.122808780928,1.04194717873,1.15957610474,1.11289336773
0.737500,0.31652360515,0.464793596075,0.222222222222,0.125,0.148269990925,1.12684644559,1.40164318142,1.24386351566
0.965000,0.414163090129,0.572285351259,0.333333333333,0.25,0.158122261131,1.28416734411,1.74971789939,1.3625310653
1.192500,0.511802575107,0.666420656425,0.444444444444,0.375,0.154618081318,1.53625010643,2.18387361467,1.42156124548
1.420000,0.609442060086,0.749294239827,0.555555555556,0.5,0.139852179741,1.90543496469,2.6827406003,1.40794130999
1.647500,0.707081545064,0.822713772121,0.666666666667,0.625,0.115632227056,2.41406215104,3.22744143169,1.33693386075
1.875000,0.804721030043,0.888185289266,0.777777777778,0.75,0.0834642592233,3.08447189762,3.80266195874,1.23284052666
2.102500,0.902360515021,0.946944404948,0.888888888889,0.875,0.0445838899261,3.93900443656,4.3965142294,1.11614858531
2.330000,1,1,1,1,0,5,5,1
