CovarianceID,ModelID,ModelClass,Rows,ParameterCount,PredictionToTargetRMSRatio,CosineTargetVsPrediction,Chi2,AIC,BIC,MeanAbsResidual,SignStableViolations,SignMatchFraction,ClaimBoundary,DeltaAICVsA2,DeltaAICVsUnitK2
PUBLIC_SN_BAO_PROPAGATED_PROXY_V1,K1_NO_MEMORY,fair_null,8,0,0.07267821447177382,0.8801820179310894,15.418161337532755,15.418161337532755,15.418161337532755,2.053025679822352,0,1.0,a2_public_covariance_proxy_no_measurement_validation,4.252231794027619,2.214884814818623
PUBLIC_SN_BAO_PROPAGATED_PROXY_V1,K2_UNIT_LOCKED_RHO4,locked_memory_backbone,8,0,0.23135178534395498,0.6700159066262061,13.203276522714132,13.203276522714132,13.203276522714132,1.740329078975185,0,1.0,a2_public_covariance_proxy_no_measurement_validation,2.037346979208996,0.0
PUBLIC_SN_BAO_PROPAGATED_PROXY_V1,K2_SOURCE_SPLIT_A2_PRIOR_V1,locked_projection_prior,8,0,0.46270357068790996,0.6700159066262061,11.165929543505136,11.165929543505136,11.165929543505136,1.3044402703116402,0,1.0,a2_public_covariance_proxy_no_measurement_validation,0.0,-2.037346979208996
PUBLIC_SN_BAO_PROPAGATED_PROXY_V1,ZERO_RESPONSE_CONTROL,diagnostic_control,8,0,0.0,,17.51743517213067,17.51743517213067,17.51743517213067,2.2234938839612974,5,0.0,a2_public_covariance_proxy_no_measurement_validation,6.351505628625535,4.314158649416539
PUBLIC_SN_BAO_PROPAGATED_PROXY_V1,POLY_DEG2,overfit_risk_control,8,3,0.956508095818294,0.9565080958182901,2.1703667550612753,8.170366755061275,8.408691380100782,0.7046767618192085,0,0.875,a2_public_covariance_proxy_no_measurement_validation,-2.995562788443861,-5.032909767652857
PUBLIC_SN_BAO_PROPAGATED_PROXY_V1,POLY_DEG3,overfit_risk_control,8,4,0.9610453565160102,0.961045356516004,2.1031305214122185,10.103130521412218,10.420896688131561,0.6206755083396288,0,0.875,a2_public_covariance_proxy_no_measurement_validation,-1.0627990220929178,-3.1001460013019138
