GridIndex,z_grid,x_coordinate,DepthBin,SourceSplitResponse,K1Response,WLockedRho4,K2LockedRho4,K2OverK1AbsRatio,K1AbsOverTargetAbs,K2AbsOverTargetAbs,MemoryBoostAbs,MemoryBoostOverTargetAbs,SignStableTemplate,ClaimBoundary
0,0.51,0.3449908242954462,low_depth,-5.101385205889281,-0.2032287991395038,1.164241394689744,-0.2366073805512978,1.164241394689744,0.03983796379557592,0.04638100653096085,0.03337858141179398,0.006543042735384922,True,k2_depth_scaling_audit_no_measurement_validation
1,0.7375,0.4682655446968191,low_depth,-4.042742053840544,-0.2192846011690317,1.410711252021557,-0.3093472542642125,1.410711252021557,0.05424155146399079,0.07651916697735817,0.0900626530951808,0.022277615513367377,True,k2_depth_scaling_audit_no_measurement_validation
2,0.965,0.5755375138345268,mid_depth,-1.0612908027787438,-0.0650843299689463,1.7625720803154254,-0.1147158228693012,1.7625720803154246,0.061325632709280126,0.10809084802105552,0.0496314929003549,0.04676521531177539,True,k2_depth_scaling_audit_no_measurement_validation
3,1.1925,0.6692388167013362,mid_depth,0.1211657917854815,0.0001516812476995,2.198956314418753,0.0003335404374077,2.1989563144185524,0.0012518487723667479,0.0027527607626929734,0.00018185918970820003,0.0015009119903262253,False,k2_depth_scaling_audit_no_measurement_validation
4,1.42,0.7515739767083173,mid_depth,-1.66707598793248,-0.1996724490854003,2.698146655002743,-0.5387455505959784,2.6981466550027435,0.11977405381084971,0.3231679626458627,0.3390731015105781,0.20339390883501304,True,k2_depth_scaling_audit_no_measurement_validation
5,1.6475,0.8244143775463955,high_depth,-1.3950527132306294,-0.1766101114929631,3.2412828230480355,-0.5724433207587397,3.2412828230480355,0.1265974466900062,0.4103381293980564,0.3958332092657766,0.2837406827080502,True,k2_depth_scaling_audit_no_measurement_validation
6,1.875,0.8893016935201591,high_depth,-2.4164046464078455,-0.3416394100954415,3.813243663794867,-1.3027543158490584,3.813243663794867,0.14138336085527414,0.5391292049473974,0.9611149057536169,0.39774584409212316,False,k2_depth_scaling_audit_no_measurement_validation
8,2.33,1.0,high_depth,-1.9828338698253765,-0.1580742509125811,5.0,-0.7903712545629055,5.0,0.07972137924318506,0.3986068962159253,0.6322970036503244,0.31888551697274026,False,k2_depth_scaling_audit_no_measurement_validation
