Subset,Rows,MeanX,MeanWLockedRho4,K1RMS,K2RMS,TargetRMS,K1ToTargetRMSRatio,K2ToTargetRMSRatio,MeanK2AbsOverTargetAbs,MeanMemoryBoostOverTargetAbs,ClaimBoundary,CorrelationXWithW,CorrelationXWithK2AbsOverTargetAbs,Interpretation
all_points,8,0.690415343412875,2.6611442729113906,0.19570029632754368,0.6229598962602754,2.692695434937359,0.07267821447177382,0.23135178534395498,0.23812324693741366,0.16010659226984755,k2_depth_scaling_audit_no_measurement_validation,0.9633849948080857,0.8305925801997095,locked_cubic_memory_naturally_strengthens_with_depth
low_depth,2,0.40662818449613264,1.2874763233556505,0.21140917802870585,0.27538952072669176,4.602602216831088,0.04593253296050902,0.05983343937906036,0.06145008675415951,0.01441032912437615,k2_depth_scaling_audit_no_measurement_validation,0.9633849948080857,0.8305925801997095,locked_cubic_memory_naturally_strengthens_with_depth
mid_depth,3,0.6654501024147268,2.2198916832456406,0.12125053943312218,0.3180181334204955,1.1431187845397355,0.10606993872639614,0.2782021761181556,0.14467052380987042,0.08388667871237154,k2_depth_scaling_audit_no_measurement_validation,0.9633849948080857,0.8305925801997095,locked_cubic_memory_naturally_strengthens_with_depth
high_depth,3,0.9045720236888516,4.018175495614301,0.24006671768037857,0.9397777898673676,1.9762602429167608,0.1214752553672103,0.4755334188580095,0.44935807685379303,0.33345734792430454,k2_depth_scaling_audit_no_measurement_validation,0.9633849948080857,0.8305925801997095,locked_cubic_memory_naturally_strengthens_with_depth
