DepthBin,Rows,MeanX,TargetRMS,K2RMS,K2ToTargetRMSRatio,CosineTargetVsK2,MeanExplainedFractionProxy,DepthPathInterpretation,ClaimBoundary
low_depth,2,0.40662818449613264,4.602602216831088,0.27538952072669176,0.05983343937906036,0.9694754325730789,0.0614500867541594,k2_expected_to_be_weak_at_low_depth,three_path_viability_preflight_no_measurement_validation
mid_depth,3,0.6654501024147268,1.1431187845397355,0.3180181334204955,0.2782021761181556,0.9351910548515222,0.1446705238098705,k2_strengthens_with_depth,three_path_viability_preflight_no_measurement_validation
high_depth,3,0.9045720236888516,1.9762602429167608,0.9397777898673676,0.4755334188580095,0.9895918682855094,0.449358076853793,k2_strengthens_with_depth,three_path_viability_preflight_no_measurement_validation
