CovarianceID,GridIndex,0,1,2,3,4,5,6,8,PositiveDefinite,MeasurementValidationAllowed,ClaimBoundary
LIKELIHOOD_NATIVE_RERUN_CANDIDATE_ZERO_CROSS_V1,0,2.8957791200596135,0.5358881407162609,-0.22941404823665904,-0.08543996279059776,0.002484604366578804,0.03927181391807601,0.12990360999791195,0.18973708500539846,True,False,likelihood_native_rerun_candidate_no_measurement_validation
LIKELIHOOD_NATIVE_RERUN_CANDIDATE_ZERO_CROSS_V1,1,0.5358881407162609,2.6073054459495957,-0.08831529922589702,-0.07665544613619854,-0.11182068436894842,-0.08300400215959874,-0.06723822319444728,-0.07950844072896118,True,False,likelihood_native_rerun_candidate_no_measurement_validation
LIKELIHOOD_NATIVE_RERUN_CANDIDATE_ZERO_CROSS_V1,2,-0.22941404823665915,-0.08831529922589705,2.2936624944488178,0.3075588504904165,0.3119229540841704,0.21606868686957062,0.10659626628215368,0.03788610625129093,True,False,likelihood_native_rerun_candidate_no_measurement_validation
LIKELIHOOD_NATIVE_RERUN_CANDIDATE_ZERO_CROSS_V1,3,-0.08543996279059791,-0.0766554461361985,0.3075588504904165,2.177201472475897,0.31581285567509076,0.2330212713818492,0.15569670163649355,0.11066698519270608,True,False,likelihood_native_rerun_candidate_no_measurement_validation
LIKELIHOOD_NATIVE_RERUN_CANDIDATE_ZERO_CROSS_V1,4,0.0024846043665786486,-0.11182068436894838,0.3119229540841703,0.3158128556750907,2.330581346580687,1.3246236009775625,1.249188307857779,0.20989095456268006,True,False,likelihood_native_rerun_candidate_no_measurement_validation
LIKELIHOOD_NATIVE_RERUN_CANDIDATE_ZERO_CROSS_V1,5,0.039271813918076215,-0.08300400215959872,0.2160686868695707,0.2330212713818491,1.3246236009775625,2.1626807983304253,1.2072402427410482,0.18251325503408966,True,False,likelihood_native_rerun_candidate_no_measurement_validation
LIKELIHOOD_NATIVE_RERUN_CANDIDATE_ZERO_CROSS_V1,6,0.12990360999791165,-0.0672382231944474,0.10659626628215363,0.15569670163649357,1.249188307857779,1.2072402427410482,2.0969569691577057,0.21209047232597472,True,False,likelihood_native_rerun_candidate_no_measurement_validation
LIKELIHOOD_NATIVE_RERUN_CANDIDATE_ZERO_CROSS_V1,8,0.18973708500539838,-0.07950844072896127,0.037886106251290935,0.11066698519270608,0.20989095456268003,0.18251325503408963,0.21209047232597472,2.0064347065050714,True,False,likelihood_native_rerun_candidate_no_measurement_validation
