Model,MappingsTested,NonViolatingMappings,EnvelopeFractionMean,SignStableViolationsTotal,Chi2DiagProxyMean,AICMean,BICMean,DeltaAICvsK2Mean,DeltaBICvsK2Mean,BestMappingByChi2,BestChi2DiagProxy,WorstStatus
K2_LOCKED_RHO4,5,4,0.8888888889,0,3.15692793493,3.15692793493,3.15692793493,0,0,likelihood_native_index,2.00796312554,HAS_WARNINGS
K2_LOCKED_GRID_WITHIN_3_4,5,5,0.9333333333,0,2.27048621793,4.27048621793,4.46771079526,1.113558283,1.31078286034,likelihood_native_index,1.55827853675,NON_VIOLATING_ALL_MAPPINGS
K1_NO_MEMORY,5,5,1.0000000000,0,1.39772148807,1.39772148807,1.39772148807,-1.75920644686,-1.75920644686,z_normalized_current_packet,1.39772148807,NON_VIOLATING_ALL_MAPPINGS
POLY_DEG2,5,4,1.0000000000,1,0.512911180915,6.51291118091,7.10458491292,3.35598324598,3.94765697799,z_normalized_recomputed,0.459835941141,HAS_WARNINGS
POLY_DEG3,5,5,1.0000000000,0,0.479241155824,8.47924115582,9.26813946517,5.3223132209,6.11121153024,z_normalized_recomputed,0.452042069563,NON_VIOLATING_ALL_MAPPINGS
SIGN_RANDOMIZED_CONTROL,5,0,0.6666666667,10,5.7672386442,5.7672386442,5.7672386442,2.61031070927,2.61031070927,z_normalized_current_packet,5.7672386442,HAS_WARNINGS
COORDINATE_REMAP_CONTROL,5,5,0.9333333333,0,2.58140175394,4.58140175394,4.77862633128,1.42447381901,1.62169839634,likelihood_native_index,1.77428853452,NON_VIOLATING_ALL_MAPPINGS
