CovarianceID,GridIndex,0,1,2,3,4,5,6,8,CovarianceStatus,ClaimBoundary
PUBLIC_SN_BAO_PROPAGATED_PROXY_V1,0,2.895779120059883,0.5358881407162608,-0.22941404823665904,-0.08543996279059803,0.0024846043665787674,0.03927181391807605,0.1299036099979119,0.18973708500539846,public_covariance_proxy_not_full_likelihood,public_covariance_proxy_no_measurement_validation
PUBLIC_SN_BAO_PROPAGATED_PROXY_V1,1,0.535888140716261,2.607305445948957,-0.08831529922589708,-0.07665544613619854,-0.11182068436894839,-0.08300400215959877,-0.0672382231944474,-0.07950844072896134,public_covariance_proxy_not_full_likelihood,public_covariance_proxy_no_measurement_validation
PUBLIC_SN_BAO_PROPAGATED_PROXY_V1,2,-0.22941404823665895,-0.0883152992258971,2.293662494448526,0.30755885049041654,0.31192295408417037,0.21606868686957068,0.10659626628215368,0.03788610625129093,public_covariance_proxy_not_full_likelihood,public_covariance_proxy_no_measurement_validation
PUBLIC_SN_BAO_PROPAGATED_PROXY_V1,3,-0.0854399627905979,-0.07665544613619862,0.3075588504904165,2.177201472475507,0.31581285567509076,0.23302127138184922,0.15569670163649363,0.11066698519270612,public_covariance_proxy_not_full_likelihood,public_covariance_proxy_no_measurement_validation
PUBLIC_SN_BAO_PROPAGATED_PROXY_V1,4,0.002484604366578562,-0.11182068436894851,0.3119229540841704,0.3158128556750907,2.330581346580471,1.3246236009773467,1.2491883078575634,0.20989095456268012,public_covariance_proxy_not_full_likelihood,public_covariance_proxy_no_measurement_validation
PUBLIC_SN_BAO_PROPAGATED_PROXY_V1,5,0.039271813918076146,-0.08300400215959874,0.21606868686957073,0.23302127138184925,1.3246236009773467,2.1626807983302094,1.2072402427408324,0.18251325503408966,public_covariance_proxy_not_full_likelihood,public_covariance_proxy_no_measurement_validation
PUBLIC_SN_BAO_PROPAGATED_PROXY_V1,6,0.12990360999791198,-0.06723822319444737,0.1065962662821537,0.15569670163649355,1.2491883078575632,1.2072402427408324,2.0969569691574903,0.21209047232597483,public_covariance_proxy_not_full_likelihood,public_covariance_proxy_no_measurement_validation
PUBLIC_SN_BAO_PROPAGATED_PROXY_V1,8,0.1897370850053987,-0.07950844072896117,0.03788610625129095,0.11066698519270617,0.20989095456268017,0.18251325503408966,0.2120904723259748,2.0064347065049546,public_covariance_proxy_not_full_likelihood,public_covariance_proxy_no_measurement_validation
