Condition,Rows,MeanX,A2PredictionToTargetRMSRatio,A2ResidualRMS,A2Chi2DiagProxy,A2DeltaAICVsUnit,A2DeltaAICVsK1,A2SignMatchFraction,ClaimBoundary
anti_aligned,5,0.6557092833534275,0.43175328666746454,2.5919111473164675,3.407568978623079,-2.153252325033421,-4.774875917846222,1.0,a2_stress_preflight_no_measurement_validation
not_anti_aligned,3,0.7482587768452876,0.7092031812712347,0.5379550968968492,3.086861137730602,-1.0132092892893114,-2.16028195968521,1.0,a2_stress_preflight_no_measurement_validation
anti_aligned_mid_high,3,0.8217633492582906,0.9362560334007289,0.385553160779802,0.32671932123576075,-1.709689915090547,-4.222985217742611,1.0,a2_stress_preflight_no_measurement_validation
not_anti_aligned_mid_high,3,0.7482587768452876,0.7092031812712347,0.5379550968968492,3.086861137730602,-1.0132092892893114,-2.16028195968521,1.0,a2_stress_preflight_no_measurement_validation
mid_depth_not_anti_aligned,2,0.6223881652679315,0.21478732912151433,0.594352419227291,3.0046166457708567,-0.37210645069097037,-0.5487009720008231,1.0,a2_stress_preflight_no_measurement_validation
