GridIndex,z_grid,x_coordinate,TargetResponse,K1Response,K2Rho4Response,SigmaDiag,SameSignTargetK1,RhoRequiredForExactMatch,RhoRequiredFinite,RhoWithinPassiveBound,RhoExceedsBound,RhoNegativeOrSignConflict,ClaimBoundary
0,0.51,0.3449908242954462,-5.101385205889281,-0.2032287991395038,-0.2366073805512978,0.0149935194363005,True,586.9819746167004,True,False,True,False,rho_requirement_diagnosis_only_no_rho_rescue
1,0.7375,0.4682655446968191,-4.042742053840544,-0.2192846011690317,-0.3093472542642125,0.0212944500730184,True,169.8132276263624,True,False,True,False,rho_requirement_diagnosis_only_no_rho_rescue
2,0.965,0.5755375138345268,-1.0612908027787438,-0.0650843299689463,-0.11471582286930126,0.0738473920903937,True,80.2882536545801,True,False,True,False,rho_requirement_diagnosis_only_no_rho_rescue
3,1.1925,0.6692388167013362,0.1211657917854815,0.0001516812476995,0.0003335404374077305,0.0904224520916678,True,2661.7101006978737,True,False,True,False,rho_requirement_diagnosis_only_no_rho_rescue
4,1.42,0.7515739767083173,-1.66707598793248,-0.1996724490854003,-0.5387455505959784,0.0859633655553421,True,17.310763163574638,True,False,True,False,rho_requirement_diagnosis_only_no_rho_rescue
5,1.6475,0.8244143775463955,-1.3950527132306294,-0.1766101114929631,-0.5724433207587397,0.1140449668153059,True,12.31268699256166,True,False,True,False,rho_requirement_diagnosis_only_no_rho_rescue
6,1.875,0.8893016935201591,-2.4164046464078455,-0.3416394100954415,-1.3027543158490584,0.161771609737985,True,8.634827007226844,True,False,True,False,rho_requirement_diagnosis_only_no_rho_rescue
8,2.33,1.0,-1.9828338698253765,-0.1580742509125811,-0.7903712545629055,0.2122945218250446,True,11.54368664332265,True,False,True,False,rho_requirement_diagnosis_only_no_rho_rescue
