CovarianceCase,BestModel,BestAIC,K1AIC,K2AIC,BestPolyAIC,DeltaAIC_K2_minus_K1,DeltaAIC_K2_minus_BestPoly,K2ImprovesOverK1,K2BeatsBestPoly,Interpretation,ClaimBoundary
diag_native_sigma,POLY_DEG2,2667.832384218718,139789.55908762495,136480.7438339473,2667.832384218718,-3308.8152536776615,133812.91144972856,True,False,poly_control_dominates,scale_covariance_sensitivity_only_no_measurement_validation
diag_sigma_floor_0p10,POLY_DEG3,413.1606790007904,4529.624886361091,4109.772788248421,413.1606790007904,-419.8520981126694,3696.612109247631,True,False,poly_control_dominates,scale_covariance_sensitivity_only_no_measurement_validation
diag_sigma_floor_0p25,POLY_DEG3,78.89756349731744,814.2417408154564,690.0304732946468,78.89756349731744,-124.21126752080966,611.1329097973294,True,False,poly_control_dominates,scale_covariance_sensitivity_only_no_measurement_validation
diag_target_fraction_floor_10pct,POLY_DEG3,242.23179390303753,572.9054673359008,390.9278937588457,242.23179390303753,-181.97757357705507,148.69609985580817,True,False,poly_control_dominates,scale_covariance_sensitivity_only_no_measurement_validation
diag_target_fraction_floor_25pct,K2_LOCKED_RHO4,64.78709926555169,94.89901457600001,64.78709926555169,201.7993339354342,-30.111915310448325,-137.0122346698825,True,True,k2_competitive,scale_covariance_sensitivity_only_no_measurement_validation
nearest_neighbor_corr_0p25,POLY_DEG2,3470.887156490092,117618.72567002085,115146.81352015046,3470.887156490092,-2471.91214987039,111675.92636366037,True,False,poly_control_dominates,scale_covariance_sensitivity_only_no_measurement_validation
constant_offdiag_corr_0p25,POLY_DEG2,3483.8700566203997,147340.2689554582,146089.75449761344,3483.8700566203997,-1250.5144578447507,142605.88444099305,True,False,poly_control_dominates,scale_covariance_sensitivity_only_no_measurement_validation
exp_corr_z,POLY_DEG2,9633.652862748151,134347.47699562408,132145.5909591024,9633.652862748151,-2201.886036521668,122511.93809635426,True,False,poly_control_dominates,scale_covariance_sensitivity_only_no_measurement_validation
exp_corr_x,POLY_DEG2,7304.1607436212125,122469.37811348184,120208.14123186303,7304.1607436212125,-2261.23688161881,112903.98048824182,True,False,poly_control_dominates,scale_covariance_sensitivity_only_no_measurement_validation
