FamilyID,Routes,Cases,MeanCorrelationWithK2,MedianCorrelationWithK2,MeanCorrelationWithTarget,MedianCorrelationWithTarget,MeanRawChi2ToTarget,MeanRawChi2ToK2,MeanDeltaChi2_K2_minus_Surrogate,K2BeatsSurrogateCases,MeanStableSignFractionTarget,MeanStableSignFractionK2,K2LikeShapeCases,AmplitudeDominatedCases,SignOrShapeMismatchCases,MixedMismatchCases,K2ShapeScore,TargetShapeScore,K2DistanceScore,TargetDistanceScore,StableSignK2Score,PenaltySignShapeMismatch,DiagnosticCompositeScore,DiagnosticRank,LockedK2Changed,ScaleFitAllowedForClaims,MeasurementValidationAllowed,ClaimBoundary
QR_CRITERIA_2,2,2,0.6072784314425355,0.6072784314425355,0.14889441989464797,0.14889441989464797,15.91992833884491,0.6065682838123472,-2.3424298221549167,2,0.6,0.6,1,1,0,0,1.0,1.0,1.0,1.0,0.8,0.0,0.9799999999999999,1,False,False,False,source_native_surrogate_family_rank_no_measurement_validation
QR_CRITERIA_3,2,2,0.5615291028184286,0.5615291028184286,0.09002461758636945,0.09002461758636945,52.28278027142197,46.42726906454901,-38.70528175473198,2,0.4,0.4,0,0,0,2,0.9653085567309128,0.742660406289971,0.9612446116350823,0.9704348488419968,0.4000000000000001,0.0,0.8674170554884842,2,False,False,False,source_native_surrogate_family_rank_no_measurement_validation
QR_DESI,2,2,0.5627820732222927,0.5627820732222927,0.09177359649504846,0.09177359649504846,55.93025000441078,48.612333781881716,-42.35275148772079,2,0.2,0.2,0,0,0,2,0.966258676721539,0.7503057780106023,0.9593964724691639,0.9674692400333146,0.0,0.0,0.8285649771157463,3,False,False,False,source_native_surrogate_family_rank_no_measurement_validation
QR_CRITERIA_1,2,2,-0.7114712172604061,-0.7114712172604061,0.0747281619557246,0.0747281619557246,26.4313182924026,7.345810259090673,-12.853819775712608,2,0.7,0.7,0,0,2,0,0.0,0.6757944831366995,0.994299913890735,0.9914536177351031,1.0,1.0,0.5331642411789972,4,False,False,False,source_native_surrogate_family_rank_no_measurement_validation
QR_EBOSS,2,2,-0.3821787349451409,-0.3821787349451409,-0.07986867660193385,-0.07986867660193385,1245.8426755030764,1182.9118608870658,-1232.2651769863865,2,0.5,0.5,0,0,2,0,0.2497005270402471,0.0,0.0,0.0,0.6000000000000001,1.0,0.13491015811207413,5,False,False,False,source_native_surrogate_family_rank_no_measurement_validation
