GridIndex,z_grid,x_coordinate,SourceSplitResponse,BranchCount,BranchMean,BranchScatterSigma,ScatterFractionOfTarget,SigmaNative,SigmaCombinedQuadrature,SigmaMaxNativeScatter,CovarianceStatus,ClaimBoundary
0,0.51,0.3449908242954462,-5.101385205889281,2,-0.23263189953194163,3.6072240725290423,0.7071067811865475,0.0149935194363005,3.6072552328686274,3.6072240725290423,branch_scatter_preflight_not_public_full_covariance,branch_scatter_benchmark_no_measurement_validation
1,0.7375,0.4682655446968191,-4.042742053840544,2,-1.4884106371218446,2.8586503208586795,0.7071067811865476,0.0212944500730184,2.858729632292873,2.8586503208586795,branch_scatter_preflight_not_public_full_covariance,branch_scatter_benchmark_no_measurement_validation
2,0.965,0.5755375138345268,-1.0612908027787438,2,1.8107379465068019,0.7504459234557644,0.7071067811865475,0.0738473920903937,0.7540706341914711,0.7504459234557644,branch_scatter_preflight_not_public_full_covariance,branch_scatter_benchmark_no_measurement_validation
3,1.1925,0.6692388167013362,0.1211657917854815,2,1.7214677250449666,0.0856771530193513,0.707106781186548,0.0904224520916678,0.12456642562011361,0.0904224520916678,branch_scatter_preflight_not_public_full_covariance,branch_scatter_benchmark_no_measurement_validation
4,1.42,0.7515739767083173,-1.66707598793248,2,0.4934174112741989,1.1788007358203196,0.7071067811865476,0.0859633655553421,1.181930994173572,1.1788007358203196,branch_scatter_preflight_not_public_full_covariance,branch_scatter_benchmark_no_measurement_validation
5,1.6475,0.8244143775463955,-1.3950527132306294,2,0.6294290486251242,0.9864512336380701,0.7071067811865475,0.1140449668153059,0.9930217977476499,0.9864512336380701,branch_scatter_preflight_not_public_full_covariance,branch_scatter_benchmark_no_measurement_validation
6,1.875,0.8893016935201591,-2.4164046464078455,2,0.11875308203651602,1.7086561115656693,0.7071067811865476,0.161771609737985,1.716297107527695,1.7086561115656693,branch_scatter_preflight_not_public_full_covariance,branch_scatter_benchmark_no_measurement_validation
8,2.33,1.0,-1.9828338698253765,2,0.9992544773397454,1.4020752753198877,0.7071067811865476,0.2122945218250446,1.4180564310563466,1.4020752753198877,branch_scatter_preflight_not_public_full_covariance,branch_scatter_benchmark_no_measurement_validation
