TargetConventionID,GridIndex,0,1,2,3,4,5,6,8,CovarianceEigenvalue,CovariancePositiveDefinite,ClaimBoundary
WHITENED_STANDARDIZED_BRANCH_CONTRAST_V1,0,0.6001596841742656,-0.060981756704198566,0.026762635323316304,0.008444400182598125,0.004707711191333865,-0.0016515776707180054,-0.02001552296205666,-0.027354369923467563,0.9074439354536008,True,whitening_matrix_preflight_no_measurement_validation
WHITENED_STANDARDIZED_BRANCH_CONTRAST_V1,1,-0.06098175670419855,0.6297605500158553,0.005282896692073572,0.006426458907799536,0.009025439488707468,0.004778137975976893,0.005288328295861909,0.014300852193434651,0.93912124967079,True,whitening_matrix_preflight_no_measurement_validation
WHITENED_STANDARDIZED_BRANCH_CONTRAST_V1,2,0.0267626353233163,0.005282896692073558,0.6712848385468393,-0.041439585906691015,-0.038646855272568725,-0.017071698265345044,0.008439500719882049,-0.003026234233454893,1.8564331608267788,True,whitening_matrix_preflight_no_measurement_validation
WHITENED_STANDARDIZED_BRANCH_CONTRAST_V1,3,0.008444400182598125,0.006426458907799517,-0.041439585906691015,0.6881061516605834,-0.03626409253347917,-0.017773258256192023,-0.0002098442929909692,-0.014889843430995878,1.9139442483271096,True,whitening_matrix_preflight_no_measurement_validation
WHITENED_STANDARDIZED_BRANCH_CONTRAST_V1,4,0.004707711191333861,0.009025439488707472,-0.03864685527256873,-0.03626409253347916,0.8282820018979788,-0.20101444224944093,-0.18366858383460052,-0.01778190394993771,2.2469492823645822,True,whitening_matrix_preflight_no_measurement_validation
WHITENED_STANDARDIZED_BRANCH_CONTRAST_V1,5,-0.0016515776707180083,0.004778137975976898,-0.017071698265345055,-0.017773258256192026,-0.20101444224944093,0.8572318536446356,-0.18648839991802316,-0.011930496350936624,2.4041056163983185,True,whitening_matrix_preflight_no_measurement_validation
WHITENED_STANDARDIZED_BRANCH_CONTRAST_V1,6,-0.02001552296205667,0.005288328295861914,0.008439500719882016,-0.000209844292990988,-0.18366858383460052,-0.18648839991802316,0.8574808793361376,-0.022244129639075193,3.386171348010981,True,whitening_matrix_preflight_no_measurement_validation
WHITENED_STANDARDIZED_BRANCH_CONTRAST_V1,8,-0.02735436992346753,0.014300852193434624,-0.0030262342334548865,-0.014889843430995886,-0.0177819039499377,-0.011930496350936615,-0.02224412963907519,0.7126218253722756,4.916433512453841,True,whitening_matrix_preflight_no_measurement_validation
